DAY,START,HIGH,LOW,END
2020/10/1,23185.12,23185.12,23185.12,23185.12
2020/10/2,23294.8,23365.58,22951.41,23029.9
2020/10/5,23254.28,23377.43,23252.69,23312.14
2020/10/6,23420.07,23441.16,23331.4,23433.73
2020/10/7,23272.45,23432.73,23272.45,23422.82
2020/10/8,23506.34,23701.77,23477.73,23647.07
2020/10/9,23713.86,23725.58,23552.73,23619.69
2020/10/12,23588.74,23597.91,23501.26,23558.69
2020/10/13,23667.9,23667.9,23490.95,23601.78
2020/10/14,23545.66,23656.7,23518.81,23626.73
2020/10/15,23548.45,23581.16,23458.43,23507.23
2020/10/16,23478.4,23538.74,23382.67,23410.63
2020/10/19,23543.69,23707.16,23543.69,23671.13
2020/10/20,23587.87,23674.87,23518.29,23567.04
2020/10/21,23615.52,23702.3,23611.33,23639.46
2020/10/22,23525.59,23555.78,23436.17,23474.27
2020/10/23,23558.71,23587.9,23469.13,23516.59
2020/10/26,23520.78,23572.6,23475.52,23494.34
2020/10/27,23376.96,23485.8,23232.31,23485.8
2020/10/28,23372.61,23451.03,23334.23,23418.51
2020/10/29,23170.76,23374.1,23170.76,23331.94
2020/10/30,23320.71,23320.71,22948.47,22977.13
2020/11/2,23110.74,23370.91,23096.79,23295.48
2020/11/4,23619.58,23801.88,23505.78,23695.23
2020/11/5,23776.2,24112.42,23756.78,24105.28
2020/11/6,24076.22,24389,24039.16,24325.23
2020/11/9,24568.84,24962.8,24541.28,24839.84
2020/11/10,25087.3,25279.94,24833.18,24905.59
2020/11/11,25145.66,25401.3,25145.66,25349.6
2020/11/12,25439.35,25587.96,25316.6,25520.88
2020/11/13,25405.64,25456.18,25215.31,25385.87
2020/11/16,25652.69,25928.18,25640.29,25906.93
2020/11/17,26043.45,26057.3,25851.54,26014.62
2020/11/18,25860.55,25882.14,25656.7,25728.14
2020/11/19,25628.73,25650.86,25474.94,25634.34
2020/11/20,25486.83,25555.37,25425.59,25527.37
2020/11/23,25486.83,25555.37,25425.59,25527.37
2020/11/24,25901.45,26261.78,25901.45,26165.59
2020/11/25,26468.52,26706.42,26258.35,26296.86
2020/11/26,26255.47,26560.03,26255.47,26537.31
2020/11/27,26530.28,26672.4,26419.05,26644.71
2020/11/30,26830.1,26834.2,26405.83,26433.62
2020/12/1,26624.2,26852.16,26618.39,26787.54
2020/12/2,26884.99,26889.9,26695.28,26800.98
2020/12/3,26740.3,26868.09,26719.23,26809.37
2020/12/4,26697.26,26799.83,26646.08,26751.24
2020/12/7,26894.25,26894.25,26500.32,26547.44
2020/12/8,26380.32,26523.3,26327.08,26467.08
2020/12/9,26526.34,26826.78,26520.6,26817.94
2020/12/10,26688.5,26852.77,26639.98,26756.24
2020/12/11,26732.85,26819.41,26553.01,26652.52
2020/12/14,26659.53,26870.47,26648.69,26732.44
2020/12/15,26683.11,26736.84,26605.54,26687.84
2020/12/16,26835.59,26874.98,26717.03,26757.4
2020/12/17,26744.5,26843.05,26676.28,26806.67
2020/12/18,26775.53,26824.29,26707.3,26763.39
2020/12/21,26834.1,26905.67,26533.63,26714.42
2020/12/22,26559.33,26639.99,26361.66,26436.39
2020/12/23,26580.43,26585.21,26414.74,26524.79
2020/12/24,26635.11,26764.53,26605.26,26668.35
2020/12/25,26708.1,26716.61,26638.28,26656.61
2020/12/28,26691.29,26854.03,26664.6,26854.03
2020/12/29,26936.38,27602.52,26921.14,27568.15
2020/12/30,27559.1,27572.57,27338.56,27444.17
2021/1/4,27575.57,27602.11,27042.32,27258.38
2021/1/5,27151.38,27279.78,27073.46,27158.63
2021/1/6,27102.85,27196.4,27002.18,27055.94
2021/1/7,27340.46,27624.73,27340.46,27490.13
2021/1/8,27720.14,28139.03,27667.75,28139.03
2021/1/12,28004.37,28287.37,27899.45,28164.34
2021/1/13,28140.1,28503.43,28133.59,28456.59
2021/1/14,28442.73,28979.53,28411.58,28698.26
2021/1/15,28777.47,28820.5,28477.03,28519.18
2021/1/18,28238.68,28349.97,28111.54,28242.21
2021/1/19,28405.49,28720.91,28373.34,28633.46
2021/1/20,28798.74,28801.19,28402.11,28523.26
2021/1/21,28710.41,28846.15,28677.61,28756.8
2021/1/22,28580.2,28698.18,28527.16,28631.45
2021/1/25,28698.89,28822.29,28566.85,28822.29
2021/1/26,28696.3,28740.71,28527.81,28546.18
2021/1/27,28696.3,28740.71,28527.81,28546.18
2021/1/28,28169.27,28360.48,27975.85,28197.42
2021/1/29,28320.72,28320.72,27629.8,27663.39
2021/2/1,27649.07,28107.1,27649.07,28091.05
2021/2/2,28207.48,28379.31,28089.12,28362.17
2021/2/3,28482.71,28669.95,28402.3,28646.5
2021/2/4,28557.46,28600.22,28325.89,28341.95
2021/2/5,28631.46,28785.71,28548.27,28779.19
2021/2/8,28831.58,29400.56,28817.6,29388.5
2021/2/9,29435.61,29585.75,29350.48,29505.93
2021/2/10,29412.55,29562.93,29368.18,29562.93
2021/2/12,29635.88,29650.51,29417.32,29520.07
2021/2/15,29662.41,30092.34,29662.41,30084.15
2021/2/16,30229.46,30714.52,30191.65,30467.75
2021/2/17,30366.82,30398.2,30191.01,30292.19
2021/2/18,30311.98,30560.49,30140.01,30236.09
2021/2/19,29970.59,30169.59,29847.33,30017.92
2021/2/22,30281.78,30458.13,30089.18,30156.03
2021/2/24,30020.11,30089.59,29671.7,29671.7
2021/2/25,30077.27,30213.28,30044.43,30168.27
2021/2/26,29753.73,29760.31,28966.01,28966.01
2021/3/1,29419.45,29686.39,29396.04,29663.5
2021/3/2,29939.75,29996.39,29314.82,29408.17
2021/3/3,29482.12,29604.37,29336.6,29559.1
2021/3/4,29198.42,29277.19,28711.04,28930.11
2021/3/5,28725.48,28867.83,28308.57,28864.32
2021/3/8,29208.19,29255.9,28644.26,28743.25
2021/3/9,28748.87,29053.56,28609.21,29027.94
2021/3/10,29118.28,29233.47,28960.09,29036.56
2021/3/11,29033.92,29255.42,28995.33,29211.64
2021/3/12,29287.74,29744.32,29210.4,29717.83
2021/3/15,29804.5,29884.73,29670.31,29766.97
2021/3/16,29770.39,30026.4,29755.47,29921.09
2021/3/17,29836.83,29984.97,29825.16,29914.33
2021/3/18,30148.48,30485,30041.5,30216.75
2021/3/19,29904.57,30049.77,29621.22,29792.05
2021/3/22,29444.1,29472.98,29107.63,29174.15
2021/3/23,29381.49,29496.83,28995.92,28995.92
2021/3/24,28765.55,28867.67,28379.06,28405.52
2021/3/25,28457.33,28821.83,28414.92,28729.88
2021/3/26,29068.52,29240.74,28953.22,29176.7
2021/3/29,29478.12,29578.37,29200.88,29384.52
2021/3/30,29365.04,29478.2,29283.89,29432.7
2021/3/31,29278.33,29348.99,29165.52,29178.8
2021/4/1,29441.91,29585.46,29318.82,29388.87
2021/4/2,29704.66,29869.67,29694.09,29854
2021/4/5,30084.61,30195,30024.25,30089.25
2021/4/6,30208.89,30208.89,29665.86,29696.63
2021/4/7,29743.48,29867.94,29523.55,29730.79
2021/4/8,29675.88,29744.79,29516.42,29708.98
2021/4/9,29865.53,30064.35,29768.06,29768.06
2021/4/12,29874.43,29876.04,29538.73,29538.73
2021/4/13,29605.69,29897.11,29573.79,29751.61
2021/4/14,29718.06,29722.4,29567.18,29620.99
2021/4/15,29573.9,29787.66,29558.55,29642.69
2021/4/16,29789.08,29789.08,29621.83,29683.37
2021/4/19,29688.32,29808.01,29530.84,29685.37
2021/4/20,29355.87,29361.28,29014.36,29100.38
2021/4/21,28660.36,28778.93,28419.84,28508.55
2021/4/22,28880.78,29192.39,28800.86,29188.17
2021/4/23,28939.12,29035.34,28770.62,29020.63
2021/4/26,29095.49,29241.28,28896.37,29126.23
2021/4/27,29174.53,29187.11,28990.19,28991.89
2021/4/28,28935.51,29139.7,28875.91,29053.97
2021/4/30,28996.66,29046.49,28760.27,28812.63
2021/5/6,29024.01,29430.22,28966.47,29331.37
2021/5/7,29330.45,29449.86,29237.36,29357.82
2021/5/10,29376.89,29685.41,29346.14,29518.34
2021/5/11,29238.56,29289.12,28535.36,28608.59
2021/5/12,28712.1,28831.03,27888.59,28147.51
2021/5/13,27929.01,27961.96,27385.03,27448.01
2021/5/14,27723.7,28139.96,27723.7,28084.47
2021/5/17,28310.46,28312.78,27632.53,27824.83
2021/5/18,27931.57,28481.17,27931.57,28406.84
2021/5/19,28031.22,28216.65,27842.98,28044.45
2021/5/20,27875.5,28176.87,27821.96,28098.25
2021/5/21,28269.61,28411.56,28193.03,28317.83
2021/5/24,28212.32,28584.18,28212.32,28364.61
2021/5/25,28516.99,28576.97,28443.74,28553.98
2021/5/26,28396.62,28710.83,28396.62,28642.19
2021/5/27,28543.32,28587.21,28360.56,28549.01
2021/5/28,28912.54,29194.11,28899.66,29149.41
2021/5/31,29019.45,29147.71,28791.6,28860.08
2021/6/1,28998.65,29075.47,28611.25,28814.34
2021/6/2,28730.81,29003.55,28565.83,28946.14
2021/6/3,28890.39,29157.16,28879.15,29058.11
2021/6/4,28901.42,28991.24,28764.68,28941.52
2021/6/7,29214,29241.2,28973.05,29019.24
2021/6/8,29046.03,29140.68,28897.64,28963.56
2021/6/9,28901.56,28932.03,28801.83,28860.8
2021/6/10,28799.74,29007.53,28799.74,28958.56
2021/6/11,29030.04,29080.89,28839.54,28948.73
2021/6/14,29153.11,29208.35,29026.27,29161.8
2021/6/15,29256.03,29480.85,29235.71,29441.3
2021/6/16,29306.14,29434.1,29263.72,29291.01
2021/6/17,29149.34,29197.68,28875.39,29018.33
2021/6/18,29136.74,29136.74,28957.98,28964.08
2021/6/21,28506.84,28506.84,27795.86,28010.93
2021/6/22,28513.07,28895.26,28494.46,28884.13
2021/6/23,28886.92,29007.83,28860.06,28874.89
2021/6/24,28811.82,28935.34,28758.37,28875.23
2021/6/25,29137.3,29174.17,28992.74,29066.18
2021/6/28,29112.66,29121.28,28984.93,29048.02
2021/6/29,28927.44,28951.68,28735.55,28812.61
2021/6/30,28896.31,28998.99,28779.76,28791.53
2021/7/1,28832.41,28833.17,28624.8,28707.04
2021/7/2,28719.24,28849.32,28688.63,28783.28
2021/7/5,28709.57,28731.07,28581.08,28598.19
2021/7/6,28677.95,28748.23,28587.61,28643.21
2021/7/7,28262.4,28434.99,28161.75,28366.95
2021/7/8,28332.63,28366.76,28118.03,28118.03
2021/7/9,27739.42,28000.02,27419.4,27940.42
2021/7/12,28412.7,28595.12,28405.6,28569.02
2021/7/13,28713.82,28852.31,28699.04,28718.24
2021/7/14,28517.31,28696.8,28482.82,28608.49
2021/7/15,28539.32,28571.72,28240.21,28279.09
2021/7/16,28039.26,28201.3,27847.35,28003.08
2021/7/19,27663.4,27792.52,27493.63,27652.74
2021/7/20,27351.8,27564.52,27330.15,27388.16
2021/7/21,27747.06,27882.43,27438.07,27548
2021/7/26,27990.47,28036.47,27786.44,27833.29
2021/7/27,27911.93,28036.23,27862.69,27970.22
2021/7/28,27674.99,27809.86,27466.99,27581.66
2021/7/29,27722.61,27798.05,27663.41,27782.42
2021/7/30,27677.89,27699.35,27272.49,27283.59
2021/8/2,27493.32,27834.6,27493.32,27781.02
2021/8/3,27580.03,27724.45,27492.4,27641.83
2021/8/4,27612.9,27636.34,27488.74,27584.08
2021/8/5,27526.67,27741.55,27526.67,27728.12
2021/8/6,27709.22,27888.87,27709.22,27820.04
2021/8/9,27709.22,27888.87,27709.22,27820.04
2021/8/10,27887.03,28128.61,27808.54,27888.15
2021/8/11,28045.84,28146.68,27974.99,28070.51
2021/8/12,28177.2,28279.8,28006.31,28015.02
2021/8/13,28038.96,28070,27949.33,27977.15
2021/8/16,27806.11,27833.21,27427.38,27523.19
2021/8/17,27666.94,27750.39,27424.47,27424.47
2021/8/18,27418.08,27671.57,27347.77,27585.91
2021/8/19,27398.58,27504.8,27255.58,27281.17
2021/8/20,27238.45,27316.79,26954.81,27013.25
2021/8/23,27193.1,27541.63,27193.1,27494.24
2021/8/24,27653.23,27817.89,27653.23,27732.1
2021/8/25,27768.13,27897.72,27684.05,27724.8
2021/8/26,27793.63,27828.28,27684.5,27742.29
2021/8/27,27581.24,27670.66,27481.23,27641.14
2021/8/30,27867.6,27921.55,27656.63,27789.29
2021/8/31,27690.77,28158.95,27602.21,28089.54
2021/9/1,28179.04,28457.67,28179.04,28451.02
2021/9/2,28522.46,28626.2,28412.91,28543.51
2021/9/3,28626.48,29149.65,28607.87,29128.11
2021/9/6,29501.22,29705.04,29469.35,29659.89
2021/9/7,29883.92,30048.23,29838.43,29916.14
2021/9/8,29819.55,30241.87,29787.13,30181.21
2021/9/9,29959.21,30097.56,29909.92,30008.19
2021/9/10,30089.45,30381.84,30064.02,30381.84
2021/9/12,30372.02,30447.37,30229.01,30447.37
2021/9/13,30584.77,30795.78,30504.81,30670.1
2021/9/14,30464.17,30573.41,30347.3,30511.71
2021/9/15,30606.15,30622.39,30202.51,30323.34
2021/9/16,30387.54,30541.99,30358.93,30500.05
2021/9/20,30387.54,30541.99,30358.93,30500.05
2021/9/21,30021.25,30051,29832.52,29839.71
2021/9/22,29744.73,29868.1,29573.88,29639.4
2021/9/23,29744.73,29868.1,29573.88,29639.4
2021/9/24,30141.61,30276.38,30110.3,30248.81
2021/9/27,30277.82,30414.61,30197.4,30240.06
2021/9/28,30142.38,30207.63,30001.99,30183.96
2021/9/29,29611.92,29679.26,29329.16,29544.29
2021/9/30,29569.19,29622.27,29311.34,29452.66
2021/10/1,29235.11,29393.67,28680.73,28771.07
2021/10/4,29044.47,29046.06,28343.58,28444.89
2021/10/5,28050.39,28058.67,27460.29,27822.12
2021/10/6,28034,28210,27294,27529
2021/10/7,27666,28015,27608,27678
2021/10/8,28031.37,28321.35,28018.89,28048.94
2021/10/11,27977.57,28581.36,27893.32,28498.2
2021/10/12,28458.88,28468.88,28166.38,28230.61
2021/10/13,28085.44,28364.99,27993.46,28140.28
2021/10/14,28264.41,28576.68,28234.01,28550.93
2021/10/15,28787.26,29082.35,28726.22,29068.63
2021/10/18,29093.82,29144.33,28924.4,29025.46
2021/10/19,29117.28,29272.49,29075.37,29215.52
2021/10/20,29385.95,29489.11,29222.32,29255.55
2021/10/21,29152.74,29220.82,28688.78,28708.58
2021/10/22,28578.53,28989.5,28546.57,28804.85
2021/10/25,28527.13,28668.7,28472.55,28600.41
2021/10/26,28927.61,29160.76,28893.95,29106.01
2021/10/27,29056.01,29139.22,28870.25,29098.24
2021/10/28,28871.61,28895.11,28693.06,28820.09
2021/10/29,28819.16,29000.65,28475.06,28892.69
2021/11/1,29330.68,29666.83,29267.63,29647.08
2021/11/2,29462.4,29599.57,29457.18,29520.9
2021/11/3,29462.4,29599.57,29457.18,29520.9
2021/11/4,29859.74,29880.81,29718.78,29794.37
2021/11/5,29840.73,29840.73,29504.07,29611.57
2021/11/8,29735.45,29735.45,29507.05,29507.05
2021/11/9,29557.55,29750.46,29240.31,29285.46
2021/11/10,29209.06,29296.88,29079.77,29106.78
2021/11/11,29046.19,29336.03,29040.08,29277.86
2021/11/12,29381.45,29661.22,29381.45,29609.97
2021/11/15,29807.37,29861.88,29718.21,29776.8
2021/11/16,29749.71,29960.93,29681.25,29808.12
2021/11/17,29906.68,29909.97,29623.79,29688.33
2021/11/18,29597.93,29715.95,29402.57,29598.66
2021/11/19,29641.05,29768.54,29589.19,29745.87
2021/11/22,29618.55,29806.49,29542.29,29774.11
2021/11/23,29618.55,29806.49,29542.29,29774.11
2021/11/24,29663.45,29758.05,29212.93,29302.66
2021/11/25,29469.65,29570.42,29444.45,29499.28
2021/11/26,29324.47,29332.99,28605.61,28751.62
2021/11/29,28337.96,28776.34,28187.12,28283.92
2021/11/30,28611.73,28718.7,27819.14,27821.76
2021/12/1,27866.73,28106.3,27594.01,27935.62
2021/12/2,27716.2,27938.55,27644.96,27753.37
2021/12/3,27841.05,28029.57,27588.61,28029.57
2021/12/6,28069.96,28081.04,27693.91,27927.37
2021/12/7,28138.82,28618.46,27961.66,28455.6
2021/12/8,28792.89,28897.44,28621.47,28860.62
2021/12/9,28827.32,28908.29,28725.47,28725.47
2021/12/10,28542.5,28699.01,28392.87,28437.77
2021/12/13,28705.26,28793.32,28593.45,28640.49
2021/12/14,28554.86,28672.96,28309.67,28432.64
2021/12/15,28358.47,28525.83,28358.47,28459.72
2021/12/16,28868.37,29070.08,28782.19,29066.32
2021/12/17,28854.6,28904.94,28503.08,28545.68
2021/12/20,28325.46,28441.51,27893.18,27937.81
2021/12/21,28309.6,28533.74,28226.43,28517.59
2021/12/22,28614.06,28673.77,28473.85,28562.21
2021/12/23,28703.01,28798.37,28640.15,28798.37
2021/12/24,28836.05,28870.13,28773.5,28782.59
2021/12/27,28786.33,28805.28,28658.82,28676.46
2021/12/28,28953.32,29121.01,28879.68,29069.16
2021/12/29,28995.73,29106.28,28729.61,28906.88
2021/12/30,28794.24,28904.42,28579.49,28791.71
2020/1/3,28794.24,28904.42,28579.49,28791.71
2022/1/4,29098.41,29323.79,28954.56,29301.79
2022/1/5,29288.8,29388.16,29204.45,29332.16
2022/1/6,29136.75,29158.95,28487.87,28487.87
2022/1/7,28711.53,28813.09,28293.7,28478.56
2022/1/10,28711.53,28813.09,28293.7,28478.56
2022/1/11,28380.9,28473.47,28089.49,28222.48
2022/1/12,28449.53,28814.31,28427.6,28765.66
2022/1/13,28658.22,28660.45,28444.96,28489.13
2022/1/14,28246.99,28252.96,27889.21,28124.28
2022/1/17,28332.72,28449.99,28274.18,28333.52
2022/1/18,28451.34,28690.34,28129.66,28257.25
2022/1/19,27928.89,27958.17,27314.41,27467.23
2022/1/20,27401.43,27882.53,27217.59,27772.93
2022/1/21,27404.36,27586.42,27129.61,27522.26
2022/1/24,27258.45,27627.6,27203.33,27588.37
2022/1/25,27466.82,27493.75,26890.94,27131.34
2022/1/26,27105.98,27184.54,26858.68,27011.33
2022/1/27,27139.88,27193.59,26044.52,26170.3
2022/1/28,26429.85,26764.85,26289.69,26717.34
2022/1/31,26690.6,27134.57,26541.65,27001.98
2022/2/1,27167.14,27410.79,27016.71,27078.48
2022/2/2,27302.99,27564.62,27289.16,27533.6
2022/2/3,27330.96,27357.33,27165.93,27241.31
2022/2/4,27095.9,27455.98,27075.99,27439.99
2022/2/7,27327.63,27369.68,27085.32,27248.87
2022/2/8,27318.3,27461.33,27280.25,27284.52
2022/2/9,27488.65,27633.1,27405.88,27579.87
2022/2/10,27818.1,27880.7,27575.07,27696.08
2022/2/11,27818.1,27880.7,27575.07,27696.08
2022/2/14,27305.92,27325.5,26947.65,27079.59
2022/2/15,27183.56,27205.2,26724.91,26865.19
2022/2/16,27269.05,27486.09,27227.24,27460.4
2022/2/17,27431.42,27438.74,27080.92,27232.87
2022/2/18,26895.16,27216.16,26792.54,27122.07
2022/2/21,26771.58,26998.47,26549,26910.87
2022/2/22,26515.45,26550.14,26243.73,26449.61
2022/2/23,26515.45,26550.14,26243.73,26449.61
2022/2/24,26281.35,26357.58,25775.64,25970.82
2022/2/25,26213.2,26481.6,26160.19,26476.5
2022/2/28,26457.52,26644.56,26262.63,26526.82
2022/3/1,26836.74,27013.26,26821.75,26844.72
2022/3/2,26532.2,26585.3,26313.72,26393.03
2022/3/3,26628.87,26704.85,26496.72,26577.27
2022/3/4,26421.85,26421.85,25774.28,25985.47
2022/3/7,25634.09,25640.41,25006.26,25221.41
2022/3/8,24974.35,25291.33,24767.33,24790.95
2022/3/9,24876.49,25084.08,24681.74,24717.53
2022/3/10,25108.47,25720.31,25099.85,25690.4
2022/3/11,25495.03,25503.65,24966.5,25162.78
2022/3/14,25338.64,25631.01,25299.64,25307.85
2022/3/15,25228.53,25441.67,25219.13,25346.48
2022/3/16,25574.9,25824.94,25470.46,25762.01
2022/3/17,26170.38,26702.94,26152.89,26652.89
2022/3/18,26649.5,26862.43,26592.98,26827.43
2022/3/21,26649.5,26862.43,26592.98,26827.43
2022/3/22,27091.32,27284.47,27076.33,27224.11
2022/3/23,27606.79,28056.2,27604.37,28040.16
2022/3/24,27693.77,28110.39,27624.62,28110.39
2022/3/25,28338.81,28338.81,27946.79,28149.84
2022/3/28,28084.08,28084.08,27812.67,27943.89
2022/3/29,28173.43,28252.42,28063.92,28252.42
2022/3/30,28250.8,28281.45,27736.27,28027.25
2022/3/31,27809.97,28101.68,27763.96,27821.43
2022/4/1,27624.11,27738.31,27399.48,27665.98
2022/4/4,27685.65,27754.24,27578.81,27736.47
2022/4/5,27965.94,27965.94,27662.28,27787.98
2022/4/6,27533.88,27549.67,27214.61,27350.3
2022/4/7,27032.42,27042.49,26801.79,26888.57
2022/4/8,27097.05,27185.23,26764.36,26985.8
2022/4/11,26877.6,27004.5,26720.46,26821.52
2022/4/12,26606.87,26674.86,26304.08,26334.98
2022/4/13,26436.06,26885.87,26429.47,26843.49
2022/4/14,26925.64,27200.89,26890.68,27172
2022/4/15,26932.48,27203.77,26784.92,27093.19
2022/4/18,26831.45,26851.8,26571.38,26799.71
2022/4/19,27096.49,27100.59,26777.71,26985.09
2022/4/20,27210.79,27389.84,27066.18,27217.85
2022/4/21,27259.14,27580.64,27252.83,27553.06
2022/4/22,27197.8,27205.83,26904.38,27105.26
2022/4/25,26692.48,26764.48,26487.84,26590.78
2022/4/26,26743.21,26808.99,26592.99,26700.11
2022/4/27,26313.14,26406.62,26051.04,26386.63
2022/4/28,26430.28,26876.95,26348.36,26847.9
2022/4/29,26430.28,26876.95,26348.36,26847.9
2022/5/2,26851.1,26964.59,26610.86,26818.53
2022/5/3,26851.1,26964.59,26610.86,26818.53
2022/5/4,26851.1,26964.59,26610.86,26818.53
2022/5/5,26851.1,26964.59,26610.86,26818.53
2022/5/6,26784.29,27072.59,26543.29,27003.56
2022/5/9,26705.32,26732.61,26309.22,26319.34
2022/5/10,26149.06,26246.63,25773.83,26167.1
2022/5/11,26045.38,26290.62,26003.26,26213.64
2022/5/12,25945.04,26028.36,25688.11,25748.72
2022/5/13,25918.8,26479.93,25904.4,26427.65
2022/5/16,26753.37,26836.96,26438.61,26547.05
2022/5/17,26555.23,26709.26,26440.62,26659.75
2022/5/18,26826.82,27053.18,26741.34,26911.2
2022/5/19,26435.32,26458.85,26150.09,26402.84
2022/5/20,26448.23,26769.2,26426.99,26739.03
2022/5/23,26991.42,27047.47,26832.65,27001.52
2022/5/24,27005.43,27005.43,26736.01,26748.14
2022/5/25,26711.53,26795.89,26578.03,26677.8
2022/5/26,26685.02,26898.75,26597.97,26604.84
2022/5/27,26947.8,26996.7,26731.6,26781.68
2022/5/30,27092.82,27401.24,27057.2,27369.43
2022/5/31,27318.09,27463.33,27250.7,27279.8
2022/6/1,27295.63,27482.31,27295.42,27457.89
2022/6/2,27340.52,27450.47,27251.24,27413.88
2022/6/3,27660.62,27776.33,27614.86,27761.57
2022/6/6,27549.64,27979.54,27523.95,27915.89
2022/6/7,27984.79,28094.73,27863.38,27943.95
2022/6/8,28100.26,28234.29,28089.78,28234.29
2022/6/9,28189.35,28389.75,28189.35,28246.53
2022/6/10,27996.35,28044.45,27795.17,27824.29
2022/6/13,27369.66,27389.3,26948.22,26987.44
2022/6/14,26555.75,26657.92,26357.9,26629.86
2022/6/15,26625.68,26638.76,26321.68,26326.16
2022/6/16,26715.52,26947.7,26431.2,26431.2
2022/6/17,25988.2,26072.35,25720.8,25963
2022/6/20,26156.62,26156.62,25520.23,25771.22
2022/6/21,26070.92,26418.84,25972.28,26246.31
2022/6/22,26441.72,26462.83,26149.17,26149.55
2022/6/23,26134.89,26401.97,26039.57,26171.25
2022/6/24,26228.42,26519.16,26148.56,26491.97
2022/6/27,26741.8,26938.43,26665.44,26871.27
2022/6/28,26795.68,27062.31,26789.5,27049.47
2022/6/29,26814.23,26858.68,26687.47,26804.6
2022/6/30,26753.28,26753.28,26324.31,26393.04
2022/7/1,26460.71,26531.24,25841.75,25935.62
2022/7/4,26086.78,26258.86,25945.83,26153.81
2022/7/5,26386.23,26532.51,26294.84,26423.47
2022/7/6,26190.4,26298.96,26051.19,26107.65
2022/7/7,26280.94,26533.65,26136.99,26490.53
2022/7/8,26623.85,26881.75,26510.53,26517.19
2022/7/11,26892.73,27062.17,26710.59,26812.3
2022/7/12,26701,26718.67,26278.28,26336.66
2022/7/13,26403.79,26543.07,26389.1,26478.77
2022/7/14,26357.32,26713.07,26312.79,26643.39
2022/7/15,26736.08,26857.77,26571.38,26788.47
2022/7/18,26736.08,26857.77,26571.38,26788.47
2022/7/19,27003.83,27043.58,26791.71,26961.68
2022/7/20,27295.95,27692.85,27295.95,27680.26
2022/7/21,27627.88,27803,27549.56,27803
2022/7/22,27773.14,27952.25,27701.25,27914.66
2022/7/25,27697.77,27848.59,27663.16,27699.25
2022/7/26,27682.2,27715.78,27538.39,27655.21
2022/7/27,27575.16,27772.97,27525.09,27715.75
2022/7/28,27909.15,28015.68,27651.99,27815.48
2022/7/29,27915.22,28001.8,27725.24,27801.64
2022/8/1,27813.82,27993.35,27751.59,27993.35
2022/8/2,27812.48,27830.58,27530.6,27594.73
2022/8/3,27673,27837.63,27634.65,27741.9
2022/8/4,27930.94,28005.59,27870.05,27932.2
2022/8/5,27915.06,28190.04,27910.22,28175.87
2022/8/8,28050.09,28279.12,28047.08,28249.24
2022/8/9,28236.84,28257.34,27966.91,27999.96
2022/8/10,27955.11,27964.96,27729.46,27819.33
2022/8/11,27955.11,27964.96,27729.46,27819.33
2022/8/12,28251.74,28546.98,28207.86,28546.98
2022/8/15,28623.78,28897.07,28623.78,28871.78
2022/8/16,28829.53,28928.16,28752.88,28868.91
2022/8/17,28952.65,29222.77,28944.71,29222.77
2022/8/18,28957.4,28999.64,28846.52,28942.14
2022/8/19,29095.71,29150.8,28913.05,28930.33
2022/8/22,28654.07,28828.21,28586.36,28794.5
2022/8/23,28580.2,28580.2,28395.3,28452.75
2022/8/24,28481.34,28515.61,28282.21,28313.47
2022/8/25,28415.11,28534.71,28357.03,28479.01
2022/8/26,28639.47,28792.93,28608.7,28641.38
2022/8/29,28161.06,28179.09,27788.12,27878.96
2022/8/30,28086.72,28233.8,27944.25,28195.58
2022/8/31,27928.09,28104.8,27906.17,28091.53
2022/9/1,27797,27832.78,27589.7,27661.47
2022/9/2,27755.6,27772.37,27570.74,27650.84
2022/9/5,27567.29,27673.44,27511.68,27619.61
2022/9/6,27650.15,27813.78,27557.99,27626.51
2022/9/7,27546.01,27546.01,27268.7,27430.3
2022/9/8,27732.68,28083.79,27718.3,28065.28
2022/9/9,28204.71,28286.02,28091.38,28214.75
2022/9/12,28483.59,28612.89,28438.37,28542.11
2022/9/13,28556.21,28659.76,28530.36,28614.63
2022/9/14,28132.7,28141.92,27795.64,27818.62
2022/9/15,27873.96,27946.2,27801.44,27875.91
2022/9/16,27631.39,27654.99,27525.68,27567.65
2022/9/19,27631.39,27654.99,27525.68,27567.65
2022/9/20,27788.68,27907.45,27627.86,27688.42
2022/9/21,27440.84,27467.34,27297.5,27313.13
2022/9/22,27053.58,27197.07,26955.18,27153.83
2022/9/23,27053.58,27197.07,26955.18,27153.83
2022/9/26,26779.44,26779.44,26424.6,26431.55
2022/9/27,26585.38,26680.2,26523.77,26571.87
2022/9/28,26422.86,26516.32,25938.36,26173.98
2022/9/29,26280.5,26458.7,26221.8,26422.1
2022/9/30,26240,26273.65,25805.59,25937.21
2022/10/3,25778.95,26223.84,25621.96,26215.79
2022/10/4,26653.49,26994.44,26633.52,26992.21
2022/10/5,27211.32,27216.8,27030.55,27120.53
2022/10/6,27137.98,27399.19,27137.98,27311.3
2022/10/7,26975.92,27198.91,26921.9,27116.11
2022/10/10,26975.92,27198.91,26921.9,27116.11
2022/10/11,26757.12,26759.62,26369.56,26401.25
2022/10/12,26353.22,26495.75,26313.41,26396.83
2022/10/13,26398.29,26408.31,26237.42,26237.42
2022/10/14,26599.32,27180.16,26595.35,27090.76
2022/10/17,26785.02,26814.92,26649.13,26775.79
2022/10/18,27167.73,27229.88,26910.1,27156.14
2022/10/19,27225.17,27371.38,27192.79,27257.38
2022/10/20,26981.75,27092.55,26872.45,27006.96
2022/10/21,26903.5,26985.38,26869.38,26890.58
2022/10/24,27233,27308.97,26974.9,26974.9
2022/10/25,27113.2,27337.8,27073.18,27250.28
2022/10/26,27410.64,27578.05,27404.9,27431.84
2022/10/27,27407.23,27450.26,27330.79,27345.24
2022/10/28,27097.38,27265.46,26981.08,27105.2
2022/10/31,27404.3,27602.99,27392.99,27587.46
2022/11/1,27614.64,27682.97,27526.18,27678.92
2022/11/2,27562.3,27692.55,27546.88,27663.39
2022/11/3,27562.3,27692.55,27546.88,27663.39
2022/11/4,27371.89,27389.3,27032.02,27199.74
2022/11/7,27406.78,27578.01,27357.53,27527.64
2022/11/8,27718.84,27943.27,27704.64,27872.11
2022/11/9,27884.55,27926.52,27688.86,27716.43
2022/11/10,27459.08,27485.38,27370.62,27446.1
2022/11/11,27868.69,28329.54,27837.09,28263.57
2022/11/14,28277.64,28305.04,27963.47,27963.47
2022/11/15,27940.26,28038.63,27903.27,27990.17
2022/11/16,28020.49,28069.25,27743.15,28028.3
2022/11/17,27952.21,28029.62,27910.01,27930.57
2022/11/18,28009.82,28045.44,27877.78,27899.77
2022/11/21,27982,28007.06,27846.3,27944.79
2022/11/22,28059.51,28203.35,28038.16,28115.74
2022/11/23,28059.51,28203.35,28038.16,28115.74
2022/11/24,28373.72,28502.29,28363.66,28383.09
2022/11/25,28398.77,28399.88,28263.6,28283.03
2022/11/28,28220.56,28238.5,28046.32,28162.83
2022/11/29,27991.5,28055.91,27899.98,28027.84
2022/11/30,27886.67,27972.89,27802.71,27968.99
2022/12/1,28273.13,28423.46,28226.08,28226.08
2022/12/2,27983.18,27983.18,27662.12,27777.9
2022/12/5,27752.99,27854.11,27700.86,27820.4
2022/12/6,27704.06,27934.07,27698.31,27885.87
2022/12/7,27670.29,27786.25,27646.78,27686.4
2022/12/8,27622.3,27643.64,27415.66,27574.43
2022/12/9,27991.14,28163.17,27987.54,28051.7
2022/12/12,28005.03,28195.69,27993.78,28156.21
2022/12/13,28067.37,28116.56,27907.49,27954.85
2022/12/14,28005.03,28195.69,27993.78,28156.21
2022/12/15,27991.14,28163.17,27987.54,28051.7
2022/12/16,27706.7,27713.04,27488.83,27527.12
2022/12/19,27279.92,27349.58,27165.78,27237.64
2022/12/20,27257.35,27339.49,26416.91,26568.03
2022/12/21,26547.17,26616.28,26269.8,26387.72
2022/12/22,26552.43,26585.28,26399.31,26507.87
2022/12/23,26207.77,26291.98,26106.38,26235.25
2022/12/26,26299.54,26438.65,26294.85,26405.87
2022/12/27,26570.78,26620.49,26447.87,26447.87
2022/12/28,26309.34,26354.27,26199.67,26340.5
2022/12/29,26074.9,26126.7,25953.92,26093.67
2022/12/30,26288,26321.37,26067.92,26094.5
2023/1/2,26288,26321.37,26067.92,26094.5
2023/1/3,26288,26321.37,26067.92,26094.5
2023/1/4,25834.93,25840.68,25661.89,25716.86
2023/1/5,25825.5,25947.1,25750.46,25820.8
2023/1/6,25740.08,26034.06,25719.61,25973.85
2023/1/9,25740.08,26034.06,25719.61,25973.85
2023/1/10,26176.61,26316.66,26132.8,26175.56
2023/1/11,26362.21,26479.99,26332.05,26446
2023/1/12,26524.94,26547.61,26381.93,26449.82
2023/1/13,26391.78,26409.21,26090.84,26119.52
2023/1/16,25836.67,25938.04,25748.1,25822.32
2023/1/17,25915.51,26198.69,25895.3,26138.68
2023/1/18,26251.34,26816.68,26211.84,26791.12
2023/1/19,26541.08,26592.87,26368.97,26405.23
2023/1/20,26346.69,26553.53,26320.96,26553.53
2023/1/23,26880.21,26938.28,26788.76,26906.04
2023/1/24,27150.43,27381,27150.43,27299.19
2023/1/25,27175.88,27473.9,27175.88,27395.01
2023/1/26,27444.64,27502.15,27284.08,27362.75
2023/1/27,27428.41,27452.67,27326.91,27382.56
2023/1/30,27384.77,27486.42,27337.25,27433.4
2023/1/31,27458.56,27494.17,27302.22,27327.11
2023/2/1,27483.41,27547.67,27322.79,27346.88
2023/2/2,27453.67,27472.44,27338.43,27402.05
2023/2/3,27455.03,27612.57,27445.69,27509.46
2023/2/6,27764.66,27821.22,27656.47,27693.65
2023/2/7,27744.9,27814.96,27662.11,27685.47
2023/2/8,27690.74,27719.45,27458.53,27606.46
2023/2/9,27453.4,27635.38,27424.69,27584.35
2023/2/10,27711.25,27814.02,27609.33,27670.98
2023/2/13,27550.35,27570.32,27266.94,27427.32
2023/2/14,27705.37,27721.82,27553.18,27602.77
2023/2/15,27686.01,27720.27,27444.13,27501.86
2023/2/16,27654.72,27727.66,27597.12,27696.44
2023/2/17,27484.6,27608.59,27466.61,27513.13
2023/2/20,27497.13,27531.94,27426.48,27531.94
2023/2/21,27486.09,27538.29,27359.12,27473.1
2023/2/22,27265.99,27300.53,27046.08,27104.32
2023/2/23,27265.99,27300.53,27046.08,27104.32
2023/2/24,27144.72,27465.9,27128.32,27453.48
2023/2/27,27322.73,27456.22,27292.74,27423.96
2023/2/28,27515.34,27585.17,27400.36,27445.56
2023/3/1,27363.57,27530.76,27305.37,27516.53
2023/3/2,27564.82,27617.8,27408.54,27498.87
2023/3/3,27683.26,27961.21,27655.34,27927.47
2023/3/6,28182.31,28288.62,28153.82,28237.78
2023/3/7,28202.59,28398.27,28202.59,28309.16
2023/3/8,28237.21,28469.41,28232.68,28444.19
2023/3/9,28648.11,28734.79,28558.88,28623.15
2023/3/10,28385.29,28424.24,28118.74,28143.97
2023/3/13,27886.21,27906.97,27631.53,27832.96
2023/3/14,27455.95,27455.95,27104.75,27222.04
2023/3/15,27421.66,27424.94,27105.99,27229.48
2023/3/16,26796.67,27057.54,26632.92,27010.61
2023/3/17,27232.23,27356.15,27071.71,27333.79
2023/3/20,27253.73,27367.18,26945.67,26945.67
2023/3/21,27253.73,27367.18,26945.67,26945.67
2023/3/22,27298.15,27520.97,27267.26,27466.61
2023/3/23,27232.97,27461.97,27175.63,27419.61
2023/3/24,27368.62,27397.29,27257.44,27385.25
2023/3/27,27482.39,27543.48,27359.72,27476.87
2023/3/28,27573.82,27603.45,27432.76,27518.25
2023/3/29,27549.37,27897.72,27505.48,27883.78
2023/3/30,27827.89,27876.38,27630.55,27782.93
2023/3/31,28009.22,28124.62,27986.62,28041.48
2023/4/3,28203.35,28258.91,28120.71,28188.15
2023/4/4,28213.93,28287.42,28139.12,28287.42
2023/4/5,28111.04,28133.57,27788.77,27813.26
2023/4/6,27589.14,27609.86,27427.66,27472.63
2023/4/7,27554.37,27591.15,27456.25,27518.31
2023/4/10,27658.52,27737.49,27597.18,27633.66
2023/4/11,27895.9,28068.39,27854.82,27923.37
2023/4/12,27985.93,28121.46,27983.97,28082.7
2023/4/13,27952.58,28163.87,27952.01,28156.97
2023/4/14,28321.54,28515.51,28282.82,28493.47
2023/4/17,28537.99,28599.75,28414.98,28514.78
2023/4/18,28567.54,28698.22,28520.76,28658.83
2023/4/19,28619.84,28677.22,28531.54,28606.76
2023/4/20,28472,28694.25,28442.45,28657.57
2023/4/21,28590.55,28778.37,28527.8,28564.37
2023/4/24,28631.78,28680.65,28567.24,28593.52
2023/4/25,28697.73,28806.69,28609.77,28620.07
2023/4/26,28478.52,28551.61,28319.77,28416.47
2023/4/27,28340.59,28459.73,28241.67,28457.68
2023/4/28,28705.91,28879.24,28499.51,28856.44
2023/5/1,29058.05,29145.89,29016.83,29123.18
2023/5/2,29278.8,29278.8,29083.13,29157.95
2023/5/3,29278.8,29278.8,29083.13,29157.95
2023/5/4,29278.8,29278.8,29083.13,29157.95
2023/5/5,29278.8,29278.8,29083.13,29157.95
2023/5/8,29095.46,29144.12,28931.81,28949.88
2023/5/9,29020.63,29262.36,29020.63,29242.82
2023/5/10,29189.41,29195.16,29070.11,29122.18
2023/5/11,29110.79,29165.59,29028.71,29126.72
2023/5/12,29199.3,29426.06,29141.52,29388.3
2023/5/15,29547.04,29629.47,29475.97,29626.34
2023/5/16,29838.01,29916.56,29779.07,29842.99
2023/5/17,29912.44,30115.32,29912.44,30093.59
2023/5/18,30432.54,30667.13,30381.9,30573.93
2023/5/19,30847.36,30924.57,30679.16,30808.35
2023/5/22,30735.71,31086.82,30689.27,31086.82
2023/5/23,31245.72,31352.53,30828.73,30957.77
2023/5/24,30728.69,30856.92,30566.83,30682.68
2023/5/25,30599.27,30889.98,30558.14,30801.13
2023/5/26,30909.61,31101.6,30864.49,30916.31
2023/5/29,31388.01,31560.43,31164,31233.54
2023/5/30,31196.24,31374.83,31064.19,31328.16
2023/5/31,31057.09,31142.78,30785.98,30887.88
2023/6/1,30886.01,31185.05,30853.44,31148.01
2023/6/2,31300.72,31555.54,31257.01,31524.22
2023/6/5,31864.12,32217.43,31798.72,32217.43
2023/6/6,31988.37,32534.47,31933.87,32506.78
2023/6/7,32618.78,32708.53,31913.74,31913.74
2023/6/8,31877.79,32035.95,31420.45,31641.27
2023/6/9,31927.38,32304.04,31898.75,32265.17
2023/6/12,32412.12,32517.68,32280.54,32434
2023/6/13,32668.95,33127.36,32638.21,33018.65
2023/6/14,33331.47,33665.52,33203.95,33502.42
2023/6/15,33493.69,33767.13,33386.01,33485.49
2023/6/16,33399.15,33772.76,33186.93,33706.08
2023/6/19,33768.69,33772.89,33231.56,33370.42
2023/6/20,33269.57,33474.74,33089.02,33388.91
2023/6/21,33200.63,33657.87,33154.68,33575.14
2023/6/22,33438.01,33641.46,33232.19,33264.88
2023/6/23,33458.35,33533.47,32575.56,32781.54
2023/6/26,32647.08,32884.73,32392.72,32698.81
2023/6/27,32629.96,32689.1,32306.99,32538.33
2023/6/28,32807.84,33193.99,32642.87,33193.99
2023/6/29,33306.84,33527.98,33185.2,33234.14
2023/6/30,33068.36,33232.89,32918.77,33189.04
2023/7/3,33517.6,33762.81,33510.55,33753.33
2023/7/4,33512.26,33576.45,33338.78,33422.52
2023/7/5,33165.06,33389.22,33041.14,33338.7
2023/7/6,33058.4,33079.45,32637.72,32773.02
2023/7/7,32450.64,32730.25,32327.9,32388.42
2023/7/10,32393.46,32558.98,32065.63,32189.73
2023/7/11,32434.67,32468.7,32084.42,32203.57
2023/7/12,32280.05,32312.03,31791.71,31943.93
2023/7/13,32106.05,32484.4,31952.98,32419.33
2023/7/14,32587.9,32780.63,32225.37,32391.26
2023/7/18,32457.18,32714.59,32338.3,32493.89
2023/7/19,32812.36,32896.03,32671.03,32896.03
2023/7/20,32803.35,32861.02,32462.86,32490.52
2023/7/21,32336.86,32462.44,32080.95,32304.25
2023/7/24,32648.14,32793.77,32554.46,32700.94
2023/7/25,32705.39,32715.56,32509.94,32682.51
2023/7/26,32704.96,32724.25,32488.52,32668.34
2023/7/27,32523.69,32938.59,32503.69,32891.16
2023/7/28,32444.42,32846.97,32037.55,32759.23
2023/7/31,33128.83,33402.08,33025.93,33172.22
2023/8/1,33292.31,33488.77,33203.88,33476.58
2023/8/2,33123.12,33158.58,32628.29,32707.69
2023/8/3,32375.85,32467.06,32142.25,32159.28
2023/8/4,32019.06,32294.7,31934.35,32192.75
2023/8/7,31921.28,32306.87,31830.23,32254.56
2023/8/8,32430.61,32539.88,32238.59,32377.29
2023/8/9,32346.32,32407.85,32175.64,32204.33
2023/8/10,32015.96,32504.85,32015.96,32473.65
2023/8/14,32456.72,32613.99,32031.54,32059.91
2023/8/15,32372.53,32403.93,32217.52,32238.89
2023/8/16,31965.58,31997.28,31766.82,31766.82
2023/8/17,31621.98,31704.08,31309.68,31626
2023/8/18,31321.26,31644.89,31275.25,31450.76
2023/8/21,31552.85,31758.7,31409.86,31565.64
2023/8/22,31792.6,31906.1,31693.76,31856.71
2023/8/23,31717.91,32039.6,31717.91,32010.26
2023/8/24,32130.52,32297.91,32063.14,32287.21
2023/8/25,31840.91,31885.53,31572.06,31624.28
2023/8/28,31915.68,32205.48,31881.93,32169.99
2023/8/29,32280.57,32389.12,32186.57,32226.97
2023/8/30,32432.95,32557.45,32300.56,32333.46
2023/8/31,32361.02,32692.76,32359.15,32619.34
2023/9/1,32521.15,32845.46,32499.44,32710.62
2023/9/4,32797.32,32939.18,32714.94,32939.18
2023/9/5,32941.41,33036.76,32784.32,33036.76
2023/9/6,33115.06,33282.15,33088.22,33241.02
2023/9/7,33118.55,33322.45,32986.35,32991.08
2023/9/8,32916.25,32920.43,32512.8,32606.84
2023/9/11,32690.54,32746.14,32391.69,32467.76
2023/9/12,32629.16,32799.69,32486.48,32776.37
2023/9/13,32742.29,32872.44,32616.65,32706.52
2023/9/14,32925.54,33244.45,32851.24,33168.1
2023/9/15,33428.44,33634.31,33391.46,33533.09
2023/9/19,33296.23,33337.23,33128.86,33242.59
2023/9/20,33261.35,33267.14,32988.65,33023.78
2023/9/21,32865.56,32939.89,32550.65,32571.03
2023/9/22,32189.32,32535.67,32154.53,32402.41
2023/9/25,32517.26,32722.22,32388.28,32678.62
2023/9/26,32640.05,32643.41,32315.05,32315.05
2023/9/27,32023.37,32371.9,31960.32,32371.9
2023/9/28,32119.37,32164.45,31674.42,31872.52
2023/9/29,32018.64,32027.46,31717.74,31857.62
2023/10/2,32101.97,32401.58,31759.88,31759.88
2023/10/3,31607.97,31607.97,31157.4,31237.94
2023/10/4,30765.03,30830.85,30487.67,30526.88
2023/10/5,30733.65,31083.9,30565.32,31075.36
2023/10/6,31003.95,31160.45,30928.16,30994.67
2023/10/10,31314.67,31818.26,31314.67,31746.53
2023/10/11,31847.1,32037.07,31804.09,31936.51
2023/10/12,32120.94,32494.66,32120.94,32494.66
2023/10/13,32328.39,32533.08,32249.03,32315.99
2023/10/16,31983.04,31999.79,31564.31,31659.03
2023/10/17,32063.79,32260.77,31901.39,32040.29
2023/10/18,32033.81,32101.47,31866.95,32042.25
2023/10/19,31579.54,31669.42,31399.17,31430.62
2023/10/20,31164.89,31428.97,31093.9,31259.36
2023/10/23,31151.98,31177.41,30974.26,30999.55
2023/10/24,31157.01,31210.26,30551.67,31062.35
2023/10/25,31302.51,31466.92,31195.58,31269.92
2023/10/26,30902.92,30943.33,30567.61,30601.78
2023/10/27,30713.79,31081.48,30687.33,30991.69
2023/10/30,30663.48,30762.5,30538.29,30696.96
2023/10/31,30694.96,30973.66,30552.65,30858.85
2023/11/1,31311.22,31601.65,31301.51,31601.65
2023/11/2,31987.02,32087.13,31878.36,31949.89
2023/11/6,32450.82,32766.54,32395.5,32708.48
2023/11/7,32551.77,32591.11,32250.93,32271.82
2023/11/8,32457.23,32512.17,32049.34,32166.48
2023/11/9,32316.39,32723.71,32193.2,32646.46
2023/11/10,32491.24,32598.93,32248.24,32568.11
2023/11/13,32818.15,32913.31,32499.28,32585.11
2023/11/14,32760.51,32836.27,32667.4,32695.93
2023/11/15,33112.31,33556.52,33096.93,33519.7
2023/11/16,33399.59,33614.13,33233.84,33424.41
2023/11/17,33344.85,33599.63,33263.67,33585.2
2023/11/20,33559.62,33853.46,33352.69,33388.03
2023/11/21,33453.15,33460.32,33254.73,33354.14
2023/11/22,33182.99,33593.5,33182.99,33451.83
2023/11/24,33752.05,33817.86,33622.57,33625.53
2023/11/27,33710.03,33811.41,33397.04,33447.67
2023/11/28,33520.39,33545.85,33298.04,33408.39
2023/11/29,33244.43,33516.23,33179.07,33321.22
2023/11/30,33260.14,33486.89,33161.07,33486.89
2023/12/1,33537.44,33551.57,33397.42,33431.51
2023/12/4,33318.07,33324.38,33023.04,33231.27
2023/12/5,33022.38,33089.82,32726.68,32775.82
2023/12/6,32928.92,33452.13,32914.09,33445.9
2023/12/7,33165.72,33195.87,32814.69,32858.31
2023/12/8,32600.47,32604.35,32205.38,32307.86
2023/12/11,32665.09,32933.08,32650.1,32791.8
2023/12/12,33107.65,33172.13,32800.24,32843.7
2023/12/13,32973.47,33104.47,32864.38,32926.35
2023/12/14,33032.3,33120.55,32515.04,32686.25
2023/12/15,32760.56,33122.33,32732.66,32970.55
2023/12/18,32769.23,32790.58,32541.23,32758.98
2023/12/19,32774.21,33219.39,32654.43,33219.39
2023/12/20,33467.32,33824.06,33467.32,33675.94
2023/12/21,33276.81,33337.84,33097.79,33140.47
2023/12/22,33257.95,33375.19,33151.7,33169.05
2023/12/25,33414.51,33414.51,33221.57,33254.03
2023/12/26,33295.68,33312.26,33181.36,33305.85
2023/12/27,33532.97,33755.75,33521.52,33681.24
2023/12/28,33477.47,33571.73,33411.24,33539.62
2023/12/29,33458.64,33652.71,33305.17,33464.17
2024/1/4,33193.05,33299.39,32693.18,33288.29
2024/1/5,33397.52,33568.04,33257.43,33377.42
2024/1/9,33704.83,33990.28,33600.32,33763.18
2024/1/10,33896.33,34539.02,33885.74,34441.72
2024/1/11,34871.33,35157.56,34849.57,35049.86
2024/1/12,35601.65,35839.65,35362.24,35577.11
2024/1/15,35634.12,36008.23,35544.32,35901.79
2024/1/16,35909.2,35955.68,35587.53,35619.18
2024/1/17,35850.18,36239.22,35476.52,35477.75
2024/1/18,35371.25,35728.09,35371.25,35466.17
2024/1/19,35913.72,36076.23,35790.07,35963.27
2024/1/22,36294.1,36571.8,36225.91,36546.95
2024/1/23,36605.3,36984.51,36436.07,36517.57
2024/1/24,36415.66,36471.39,36104.89,36226.48
2024/1/25,36213.14,36312.36,35912.54,36236.47
2024/1/26,36003,36060.4,35687.58,35751.07
2024/1/29,35814.29,36186.87,35813.77,36026.94
2024/1/30,36196.64,36249.03,36039.31,36065.86
2024/1/31,35747.89,36292.53,35704.58,36286.71
2024/2/1,36008.56,36146.36,35924.6,36011.46
2024/2/2,36249.99,36441.09,36083.61,36158.02
2024/2/5,36419.34,36452.62,36213,36354.16
2024/2/6,36249.08,36294.48,36065.98,36160.66
2024/2/7,36002.99,36195.5,35854.63,36119.92
2024/2/8,36258.84,36956.97,36206.2,36863.28
2024/2/9,36915.44,37287.26,36807.03,36897.42
2024/2/13,37248.36,38010.69,37184.1,37963.97
2024/2/14,37712.87,37825.85,37594.47,37703.32
2024/2/15,38017.83,38188.74,37935.36,38157.94
2024/2/16,38517.37,38865.06,38361.55,38487.24
2024/2/19,38473.41,38555.84,38281.7,38470.38
2024/2/20,38510.37,38742.33,38288.04,38363.61
2024/2/21,38191.97,38339.7,38095.15,38262.16
2024/2/22,38508.07,39156.97,38508.07,39098.68
2024/2/26,39321,39388,39181,39234
2024/2/27,39260.78,39426.29,39113.03,39239.52
2024/2/28,39189.22,39283.95,39075.47,39208.03
2024/2/29,38935.53,39250.12,38876.81,39166.19
2024/3/1,39254.69,39990.23,39224.64,39910.82
2024/3/4,40201.76,40314.64,40001.55,40109.23
2024/3/5,39881.73,40226.99,39840.34,40097.63
2024/3/6,39792.37,40147.77,39769.04,40090.78
2024/3/7,40331.06,40472.11,39518.4,39598.71
2024/3/8,39809.56,39989.33,39551.6,39688.94
2024/3/11,39232.14,39241.28,38496.66,38820.49
2024/3/12,38470.39,38841.8,38271.38,38797.51
2024/3/13,39059.95,39147.8,38452.57,38695.97
2024/3/14,38591.73,38840.33,38400.17,38807.38
2024/3/15,38548.16,38808.68,38519.94,38707.64
2024/3/18,38960.99,39769.11,38935.47,39740.44
2024/3/19,39622.58,40003.6,39407.5,40003.6
2024/3/21,40511.55,40823.32,40452.19,40815.66
2024/3/22,40942.88,41087.75,40714.14,40888.43
2024/3/25,40798.96,40837.18,40414.12,40414.12
2024/3/26,40345.04,40529.53,40280.85,40398.03
2024/3/27,40517.17,40979.36,40452.21,40762.73
2024/3/28,40324.42,40482.02,40054.06,40168.07
2024/3/29,40277.45,40521.71,40268.11,40369.44
2024/4/1,40646.7,40697.22,39706.45,39803.09
2024/4/2,39892.59,40151.05,39707.87,39838.91
2024/4/3,39503.72,39625.9,39217.04,39451.85
2024/4/4,39928.33,40243.02,39773.14,39773.14
2024/4/5,39237.39,39274.76,38774.24,38992.08
2024/4/8,39391.98,39617.36,39197,39347.04
2024/4/9,39496.95,39773.13,39476.13,39773.13
2024/4/10,39582.33,39708.7,39510.48,39581.81
2024/4/11,39090.68,39473.48,39065.31,39442.63
2024/4/12,39722.02,39774.82,39457.73,39523.55
2024/4/15,39056.93,39232.8,38820.95,39232.8
2024/4/16,38750.67,38764.82,38322.32,38471.2
2024/4/17,38587.47,38587.61,37961.8,37961.8
2024/4/18,37745.04,38216.75,37644.91,38079.7
2024/4/19,37724.47,37749.48,36733.06,37068.35
2024/4/22,37240.93,37511.8,37052.63,37438.61
2024/4/23,37797.06,37817.78,37397.27,37552.16
2024/4/24,37871.92,38460.08,37857.47,38460.08
2024/4/25,38065.91,38129.53,37604.23,37628.48
2024/4/26,37725.61,38097.54,37550.7,37934.76
2024/4/30,38312.66,38608.17,38182.11,38405.66
2024/5/1,38107.38,38433.34,38036.24,38274.05
2024/5/2,38004.01,38355.6,37958.19,38236.07
2024/5/7,38636.23,38863.14,38541.97,38835.1
2024/5/8,38677.57,38749.35,38159.85,38202.37
2024/5/9,38242.92,38429.81,38072.24,38073.98
2024/5/10,38361.79,38741.88,38126.91,38229.11
2024/5/13,38211.61,38273.4,37969.58,38179.46
2024/5/14,38287.99,38477.68,38084.71,38356.06
2024/5/15,38533.09,38816.6,38335.61,38385.73
2024/5/16,38645.96,38949.38,38513.33,38920.26
2024/5/17,38561.04,38842.49,38539.56,38787.38
2024/5/20,38761.71,39437.16,38703.7,39069.68
2024/5/21,39232.16,39346.15,38942.28,38946.93
2024/5/22,38823.91,38854.99,38592.94,38617.1
2024/5/23,38803.13,39129.47,38617.43,39103.22
2024/5/24,38506.03,38740.82,38367.7,38646.11
2024/5/27,38766.21,38900.02,38667.93,38900.02
2024/5/28,38879.15,38981.97,38756.13,38855.37
2024/5/29,38880.5,39141.99,38524.24,38556.87
2024/5/30,38112.77,38138.03,37617,38054.13
2024/5/31,38173.22,38526.93,38087.61,38487.9
2024/6/3,38734.95,39032.5,38734.95,38923.03
2024/6/4,38702.54,38895.06,38591.79,38837.46
2024/6/5,38654.09,38656.41,38343.98,38490.17
2024/6/6,38841.66,39011.93,38693.5,38703.51
2024/6/7,38597.55,38747.27,38560.85,38683.93
2024/6/10,38689.78,39081.54,38689.78,39038.16
2024/6/11,39175.59,39336.66,39074.88,39134.79
2024/6/12,38865.15,38945.99,38809.36,38876.71
2024/6/13,39182.06,39252.44,38689.79,38720.47
2024/6/14,38587.57,39025.7,38554.75,38814.56
2024/6/17,38440.98,38442.7,37950.2,38102.44
2024/6/18,38433.48,38519.02,38332.89,38482.11
2024/6/19,38653.91,38797.97,38453.41,38570.76
2024/6/20,38410.32,38637.62,38263.08,38633.02
2024/6/21,38608.66,38795.68,38532.13,38596.47
2024/6/24,38497.42,38905.47,38416.07,38804.65
2024/6/25,38833.9,39215.07,38758.07,39173.15
2024/6/26,39364.73,39788.63,39233.56,39667.07
2024/6/27,39434.47,39439.24,39193.51,39341.54
2024/6/28,39593.01,39783.7,39485.73,39583.08
2024/7/1,39839.82,39942.69,39537.1,39631.06
2024/7/2,39543.61,40113.48,39457.62,40074.69
2024/7/3,40225.83,40694.21,40172.85,40580.76
2024/7/4,40747.59,40971.23,40604.15,40913.65
2024/7/5,41009.36,41100.13,40746.89,40912.37
2024/7/8,40863.14,41112.24,40780.7,40780.7
2024/7/9,40953.41,41769.35,40942.44,41580.17
2024/7/10,41444.33,41889.16,41430.38,41831.99
2024/7/11,42343.72,42426.77,42102.46,42224.02
2024/7/12,41668.86,41754.76,41188.29,41190.68
2024/7/16,41366.79,41520.07,41220.65,41275.08
2024/7/17,41416.18,41466.45,41054.72,41097.69
2024/7/18,40521.71,40587.63,40104.22,40126.35
2024/7/19,39965.91,40212.9,39824.58,40063.79
2024/7/22,39947.95,39973.2,39519.39,39599
2024/7/23,39864.09,39927.89,39519.91,39594.39
2024/7/24,39336.74,39643.27,39096.5,39154.85
2024/7/25,38524.2,38557.79,37825.58,37869.51
2024/7/26,37792.87,38105.96,37611.19,37667.41
2024/7/29,38139.12,38719.7,38010.01,38468.63
2024/7/30,38241.35,38531.16,38076.7,38525.95
2024/7/31,38140.77,39188.37,37954.38,39101.82
2024/8/1,38781.56,38781.56,37737.88,38126.33
2024/8/2,37444.17,37471.52,35880.15,35909.7
2024/8/5,35249.36,35301.18,31156.12,31458.42
2024/8/6,32077.33,34911.8,32077.33,34675.46
2024/8/7,34122.35,35849.77,33739.46,35089.62
2024/8/8,34645.79,35379.65,34207.16,34831.15
2024/8/9,35272.34,35671.31,34445.57,35025
2024/8/13,35490.58,36232.51,35476.79,36232.51
2024/8/14,36535.6,36683.89,36074.71,36442.43
2024/8/15,36381.4,36885.16,36381.4,36726.64
2024/8/16,37304.93,38143.55,37304.93,38062.67
2024/8/19,37863.76,38125.27,37318.04,37388.62
2024/8/20,37847.85,38236.39,37738.3,38062.92
2024/8/21,37653.34,38026.02,37605.83,37951.8
2024/8/22,38033.78,38408.19,37883.86,38211.01
2024/8/23,38278.18,38424.27,38053.47,38364.27
2024/8/26,38156.41,38204.81,37825.31,38110.22
2024/8/27,38066.31,38365.64,37911.32,38288.62
2024/8/28,38221.38,38399.91,38141.49,38371.76
2024/8/29,38119.95,38401.15,37970.2,38362.53
2024/8/30,38388.04,38669.79,38316.87,38647.75
2024/9/2,39025.31,39080.64,38476.51,38700.87
2024/9/3,38745.76,38967.56,38581.55,38686.31
2024/9/4,38039.91,38080.02,36879.33,37047.61
2024/9/5,36536.25,37099.96,36359.23,36657.09
2024/9/6,36815,36898.28,36235.61,36391.47
2024/9/9,35805.82,36248.12,35247.87,36215.75
2024/9/10,36386.12,36537.03,36001.58,36159.16
2024/9/11,36029.9,36056.87,35253.43,35619.77
2024/9/12,36185.62,36902.21,36172.26,36833.27
2024/9/13,36882.41,36887.4,36441.34,36581.76
2024/9/17,36601.93,36663.18,35828.54,36203.22
2024/9/18,36546.04,36675.07,36127.45,36380.17
2024/9/19,36958.93,37394.52,36958.93,37155.33
2024/9/20,37714.07,37974.72,37654.11,37723.91
2024/9/24,38171.36,38427.15,37902.99,37940.59
2024/9/25,37947.35,38109.24,37868.84,37870.26
2024/9/26,38266.79,38925.63,38240.65,38925.63
2024/9/27,39108.27,39829.56,38917.98,39829.56
2024/9/30,39117.83,39126.36,37797.91,37919.55
2024/10/1,38232.47,38718.13,38232.47,38651.97
2024/10/2,38136.2,38213.54,37651.07,37808.76
2024/10/3,38459.13,38856.75,38457.62,38552.06
2024/10/4,38594.73,38735.29,38501.82,38635.62
2024/10/7,39239.92,39560.78,39195.93,39332.74
2024/10/8,39021.13,39117.09,38817.54,38937.54
2024/10/9,39385.49,39456.28,39115.63,39277.96
2024/10/10,39575.8,39616.59,39282.19,39380.89
2024/10/11,39636.87,39668.93,39415.26,39605.8
2024/10/15,40047.15,40257.34,39910.55,39910.55
2024/10/16,39362.63,39362.63,39062.85,39180.3
2024/10/17,39263.82,39299.74,38911.19,38911.19
2024/10/18,39092.47,39186.64,38893.52,38981.75
2024/10/21,38960.2,39119.67,38775.59,38954.6
2024/10/22,38933.6,38995.03,38200.82,38411.96
2024/10/23,38397.28,38514.33,37987.62,38104.86
2024/10/24,37804.52,38320.39,37712.19,38143.29
2024/10/25,37954.78,38028.14,37713,37913.92
2024/10/28,37757.95,38740.17,37757.95,38605.53
2024/10/29,38524.3,38903.68,38416.85,38903.68
2024/10/30,39102.89,39417.88,39094.3,39277.39
2024/10/31,39179.72,39249.21,38832.21,39081.25
2024/11/1,38504.35,38512.83,37946.66,38053.67
2024/11/5,38274.22,38620.19,38159.73,38474.9
2024/11/6,38677.95,39664.53,38662.17,39480.67
2024/11/7,39745.23,39884.01,39020.22,39381.41
2024/11/8,39783.45,39818.41,39377.87,39500.37
2024/11/9,39417.21,39598.74,39315.61,39533.32
2024/11/12,39642.78,39866.72,39137.89,39376.09
2024/11/13,39317.15,39377.24,38600.26,38721.66
2024/11/14,38911.04,39084.44,38535.7,38535.7
2024/11/15,38749.56,39101.64,38642.91,38642.91
2024/11/18,38259.59,38548.3,38150.39,38220.85
2024/11/19,38396.72,38560.1,38246.36,38414.43
2024/11/20,38475.7,38520.45,38180.15,38352.34
2024/11/21,38352.87,38374.69,37945.21,38026.17
2024/11/22,38146.98,38420.63,38085.13,38283.85
2024/11/25,38679.93,39053.64,38672.17,38780.14
2024/11/26,38596.76,38596.76,38020.08,38442
2024/11/27,38327.86,38332.45,37988.99,38134.97
2024/11/28,37935.94,38478.32,37801.62,38349.06
2024/11/29,38205.08,38270.06,37986.97,38208.03
2024/12/2,38216.95,38552.41,37958.55,38513.02
2024/12/3,38748.65,39427.37,38746.05,39248.86
2024/12/4,39354,39417.08,39062.03,39276.39
2024/12/5,39610.43,39632.3,39323.04,39395.6
2024/12/6,39371.56,39468.47,38940.44,39091.17
2024/12/9,39332.55,39332.55,38972.78,39160.5
2024/12/10,39375.49,39465.14,39171.69,39367.58
2024/12/11,39357.77,39401.93,39112.8,39372.23
2024/12/12,39849.97,40091.55,39827.59,39849.14
2024/12/13,39624.05,39734.99,39247.41,39470.44
2024/12/16,39551.22,39632.17,39371.42,39457.49
2024/12/17,39589.65,39796.22,39364.68,39364.68
2024/12/18,39176.88,39382.69,39081.71,39081.71
2024/12/19,38522.27,38913.07,38355.52,38813.58
2024/12/20,38950.28,39039.68,38701.9,38701.9
2024/12/23,39040.72,39210.17,38847.13,39161.34
2024/12/24,39210.23,39245.75,38995.76,39036.85
2024/12/25,39168.52,39180.59,38927.16,39130.43
2024/12/26,39129.31,39592.28,39110.92,39568.06
2024/12/27,39672.15,40398.23,39669.39,40281.16
2024/12/30,40325.78,40325.78,39864.46,39894.54
2025/1/6,39945.42,39993.5,39232.78,39307.05
2025/1/7,39584.36,40288.8,39584.36,40083.3
2025/1/8,39879.36,40105.72,39705.81,39981.06
2025/1/9,39888.91,39930.07,39385.05,39605.09
2025/1/10,39550.25,39591.46,39166.05,39190.4
2025/1/14,39010.96,39054.35,38305.91,38474.3
2025/1/15,38721.61,38774.99,38316.01,38444.58
2025/1/16,38732.65,38932.54,38426.2,38572.6
2025/1/17,38454.1,38503.94,38055.68,38451.46
2025/1/20,38671.77,39032.93,38671.77,38902.5
2025/1/21,39163.53,39238.21,38643.84,39027.98
2025/1/22,39355.22,39694.57,39332.63,39646.25
2025/1/23,39810.06,40036.07,39677.22,39958.87
2025/1/24,40060.49,40279.79,39806.69,39931.98
2025/1/27,40127.74,40255.68,39520.79,39565.8
2025/1/28,39400.02,39448.55,38886.05,39016.87
2025/1/29,39273.8,39448.24,39129.14,39414.78
2025/1/30,39302.85,39600.93,39221.36,39513.97
2025/1/31,39574.38,39681.82,39458.95,39572.49
2025/2/3,38932.66,38948.61,38401.82,38520.09
2025/2/4,39078.66,39192.51,38590.96,38798.37
2025/2/5,38979.21,39118.95,38682.18,38831.48
2025/2/6,38977.58,39190.13,38851.51,39066.53
2025/2/7,38907.76,39007.94,38753.2,38787.02
2025/2/10,38736.37,38895.74,38606.32,38801.17
2025/2/12,39049.12,39102.65,38794.24,38963.7
2025/2/13,39225.5,39581.47,39112.17,39461.47
2025/2/14,39419.25,39543.93,39133.94,39149.43
2025/2/17,39094.09,39238.75,39021.23,39174.25
2025/2/18,39187.99,39508.55,39151.71,39270.4
2025/2/19,39230.62,39298.05,38994.7,39164.61
2025/2/20,38942.91,38967.01,38468.72,38678.04
2025/2/21,38523.07,38808.81,38456.53,38776.94
2025/2/25,38359.67,38485.95,38131.79,38237.79
2025/2/26,38143.68,38175.24,37742.76,38142.37
2025/2/27,38251.11,38369.96,38061.94,38256.17
2025/2/28,37853.48,37925.28,36840.12,37155.5
2025/3/3,37617.5,37827.62,37372.26,37785.47
2025/3/4,37532.01,37587.49,36816.16,37331.18
2025/3/5,37345.74,37606.34,37178.72,37418.24
2025/3/6,37654.95,37874.38,37580.88,37704.93
2025/3/7,37198.3,37221.65,36813.62,36887.17
2025/3/10,36972.59,37113.48,36705.02,37028.27
2025/3/11,36584.37,36793.11,35987.13,36793.11
2025/3/12,36763.1,36956.33,36658.86,36819.09
2025/3/13,37081.64,37326.27,36776.94,36790.03
2025/3/14,36606.78,37154.39,36594.04,37053.1
2025/3/17,37453.83,37563.27,37377.55,37396.52
2025/3/18,37868.57,38004.2,37822.87,37845.42
2025/3/19,37839.39,38128.58,37751.88,37751.88
2025/3/21,37619.37,37968.02,37619.37,37677.06
2025/3/24,37841.68,37841.68,37608.49,37608.49
2025/3/25,37953.15,38115.65,37686.26,37780.54
2025/3/26,38106.66,38220.69,37873.28,38027.29
2025/3/27,37750.66,37859.06,37556.75,37799.97
2025/3/28,37357.52,37359.95,36864.93,37120.33
2025/3/31,36440.18,36440.18,35541.72,35617.56
2025/4/1,35961.19,36052.54,35537.86,35624.48
2025/4/2,35751.02,35778.9,35426.33,35725.87
2025/4/3,35041.67,35044.73,34102,34735.93
2025/4/4,34304.66,34320.11,33259.76,33780.58
2025/4/7,33154.97,33158.87,30792.74,31136.58
2025/4/8,31729.11,33257.16,31703.69,33012.58
2025/4/9,32529.23,32565.84,31258.18,31714.03
2025/4/10,32321.21,34639.39,32320.66,34609
2025/4/11,33951.25,33953.29,32626.58,33585.58
2025/4/14,34006.37,34325.59,33887.7,33982.36
2025/4/15,34349.01,34459,34266.31,34267.54
2025/4/16,34249.82,34329.27,33658.47,33920.4
2025/4/17,33987.01,34379.13,33931.53,34377.6
2025/4/18,34353.88,34758.97,34224.57,34730.28
2025/4/21,34556.23,34610.6,34216.98,34279.92
2025/4/22,34111.14,34340.57,34109.85,34220.6
2025/4/23,34787.93,35142.12,34682.28,34868.63
2025/4/24,35194.71,35287.95,34960.65,35039.15
2025/4/25,35387.67,35835.28,35337.98,35705.74
2025/4/28,35962.8,36075.26,35773.49,35839.99
2025/4/30,35946.88,36056.52,35793.33,36045.38
2025/5/1,36197.04,36544.15,36040.05,36452.3
2025/5/2,36636.55,36976.51,36606.58,36830.69
2025/5/7,36903.66,36942.38,36731.39,36779.66
2025/5/8,36863.38,36977.35,36606.71,36928.63
2025/5/9,37332.57,37557.41,37219.03,37503.33
2025/5/12,37697.28,37726.44,37417.39,37644.26
2025/5/13,38149.53,38494.06,38124.2,38183.26
2025/5/14,38199.03,38325.88,37851.8,38128.13
2025/5/15,37832.36,37876.84,37633.36,37755.51
2025/5/16,37748.58,37786.43,37479.21,37753.72
2025/5/19,37572.36,37656.23,37445.93,37498.63
2025/5/20,37723.6,37921.81,37455.7,37529.49
2025/5/21,37590.15,37659.94,37298.98,37298.98
2025/5/22,36931.89,37100.45,36855.83,36985.87
2025/5/23,37161.74,37373.91,37111.63,37160.47
2025/5/26,37209.26,37531.53,37167.01,37531.53
2025/5/27,37523.37,37769.05,37411.68,37724.11
2025/5/28,38094.79,38178.73,37709.71,37722.4
2025/5/29,38046.97,38454.07,38035.32,38432.98
2025/5/30,37912.49,38114.47,37748.17,37965.1
2025/6/2,37651.18,37651.18,37320.72,37470.67
2025/6/3,37598.31,37729.45,37446.81,37446.81
2025/6/4,37686.66,37868.42,37672.47,37747.45
2025/6/5,37590.39,37732.88,37527.88,37554.49
2025/6/6,37590.44,37756.15,37590.42,37741.61
2025/6/9,38028.71,38178.01,38018.22,38088.57
2025/6/10,38278.17,38495.7,38139.1,38211.51
2025/6/11,38431.1,38529.64,38288.28,38421.19
2025/6/12,38324.93,38407.57,38102.05,38173.09
2025/6/13,38130.25,38141.59,37540.2,37834.25
2025/6/16,38056.86,38342.52,38055.52,38311.33
2025/6/17,38366.68,38581.25,38333.35,38536.74
2025/6/18,38364.16,38885.15,38364.16,38885.15
2025/6/19,38858.52,38870.55,38488.34,38488.34
2025/6/20,38472.25,38646.16,38362.54,38403.23
2025/6/23,38260.69,38368.22,38026.32,38354.09
2025/6/24,38779.18,38990.11,38665.61,38790.56
2025/6/25,38904.18,38944.77,38711.11,38942.07
2025/6/26,39072.14,39615.59,39056.14,39584.58
2025/6/27,39866.36,40267.84,39847.31,40150.79
2025/6/30,40550.79,40852.54,40322.54,40487.39
2025/7/1,40340.64,40345.87,39885.38,39986.33
2025/7/2,39631.17,39943.62,39444.7,39762.48
2025/7/3,39796.75,39865.89,39667.82,39785.9
2025/7/4,39994.64,40012.66,39693.4,39810.88
2025/7/7,39729.56,39829.38,39524.25,39587.68
2025/7/8,39542.07,39816.27,39510.48,39688.81
2025/7/9,39942.8,39971.06,39573.34,39821.28
2025/7/10,39795.75,39795.75,39530.95,39646.36
2025/7/11,39886.54,39957.8,39497.7,39569.68
2025/7/14,39416.1,39608.02,39288.9,39459.62
2025/7/15,39525.83,39678.02,39379.32,39678.02
2025/7/16,39734.74,39923.61,39520.96,39663.4
2025/7/17,39492.02,39910.96,39370.43,39901.19
2025/7/18,40072.39,40087.59,39745.42,39819.11
2025/7/22,39864.63,40275.89,39586.53,39774.92
2025/7/23,40189.18,41342.59,40087.86,41171.32
2025/7/24,41657.98,42065.83,41554.18,41826.34
2025/7/25,41760.58,41773.7,41389.79,41456.23
2025/7/28,41515,41534,40997,40998
2025/7/29,40767,40792.85,40563.53,40674
2025/7/30,40745,40744.53,40556.61,40654.7
2025/7/31,40693,41151.25,40639.32,41069.82
2025/8/1,41029.84,41064.73,40588.17,40799.6
2025/8/4,40118.81,40332.25,39850.52,40290.7
2025/8/5,40521,40649.38,40421.88,40549.54
2025/8/6,40430.46,40850.89,40423.13,40794.86
2025/8/7,40668.19,41164.11,40668.19,41059.15
2025/8/8,41283.7,42033.92,41248.05,41820.48
2025/8/12,42098.32,42999.71,42083.58,42718.17
2025/8/13,43090.91,43451.46,43008.2,43274.67
2025/8/14,43129.18,43199.83,42606.73,42649.26
2025/8/15,42866.38,43405.43,42736.86,43378.31
2025/8/18,43452.9,43835.12,43390.22,43714.31
2025/8/19,43846.55,43876.42,43411.97,43546.29
2025/8/20,43400.66,43425.78,42724.15,42888.55
2025/8/21,42783.26,42926.11,42564.3,42610.17
2025/8/22,42629.81,42720.57,42331.39,42633.29
2025/8/25,42977.27,43201.42,42681.37,42807.82
2025/8/26,42619.66,42703.27,42137.62,42394.4
2025/8/27,42476.09,42628.04,42270.18,42520.27
2025/8/28,42308.14,42828.79,42299.79,42828.79
2025/8/29,42774.29,42807.03,42611.31,42718.47
2025/9/1,42362.71,42454.99,41835.17,42188.79
2025/9/2,42299.63,42473.67,42084.78,42310.49
2025/9/3,42085.66,42293.54,41863.2,41938.89
2025/9/4,42093.7,42608.8,42066.59,42580.27
2025/9/5,42983.47,43220.94,42783.54,43018.75
2025/9/8,43451.07,43838.6,43343.58,43643.81
2025/9/9,43907.55,44185.73,43452.74,43459.29
2025/9/10,43513.16,43848.77,43509.02,43837.67
2025/9/11,43876.22,44396.95,43870.54,44372.5
2025/9/12,44803.3,44888.02,44548.57,44768.12
2025/9/16,44948.85,45055.38,44616.32,44902.27
2025/9/17,44751.84,45033.34,44612.07,44790.38
2025/9/18,44910.5,45508.67,44815.4,45303.43
2025/9/19,45634.29,45852.75,44495.46,45045.81
2025/9/22,45193.77,45757.74,45193.77,45493.66
2025/9/24,45484.41,45693.28,45205.47,45630.31
2025/9/25,45600.07,45824.69,45503.31,45754.93
2025/9/26,45634.2,45766.77,45354.99,45354.99
2025/9/29,45113.29,45152.7,44890.2,45043.75
2025/9/30,45054.96,45126.23,44733.6,44932.63
2025/10/1,44831.95,44874.42,44357.65,44550.85
2025/10/2,44736.03,45125.96,44659.22,44936.73
2025/10/3,45042.54,45778.66,45042.54,45769.5
2025/10/6,46636.07,48150.04,46592.99,47944.76
2025/10/7,48281.12,48527.33,47904.38,47950.88
2025/10/8,47925.22,48181.12,47728.27,47734.99
2025/10/9,48035.42,48597.08,47995.22,48580.44
2025/10/10,48510.72,48510.72,47962.61,48088.8
2025/10/14,47446.73,47865.65,46544.05,46847.32
2025/10/15,47002.3,47774.83,46910.83,47672.67
2025/10/16,48107.44,48317.34,47937.72,48277.74
2025/10/17,47820.97,48140.9,47494.31,47582.15
2025/10/20,48332.71,49185.5,48254.83,49185.5
2025/10/21,49675.43,49945.95,49127.2,49316.06
2025/10/22,49252.03,49458.28,48613.7,49307.79
2025/10/23,48866.58,48866.58,48399.05,48641.61
2025/10/24,49095.27,49435.31,48965.78,49299.65
2025/10/27,49905.8,50549.6,49838.98,50512.32
2025/10/28,50357.15,50485.8,50107.77,50219.18
2025/10/29,50453.64,51412.97,50365.62,51307.65
2025/10/30,51146.27,51657.28,50972.56,51325.61
2025/10/31,51629.8,52411.34,51613.03,52411.34
2025/11/4,52294.31,52636.87,51497.2,51497.2
2025/11/5,51291.39,51422.42,49073.58,50212.27
2025/11/6,50792.55,51248.28,50594.19,50883.68
2025/11/7,50524.31,50642.79,49640.56,50276.37
2025/11/10,50645.27,50969.5,50392.44,50911.76
2025/11/11,51314.04,51513.16,50581.17,50842.93
2025/11/12,50988.53,51072.26,50537.5,51063.31
2025/11/13,51013.15,51338.89,50954.27,51281.83
2025/11/14,50767.74,50767.74,50246.6,50376.53
2025/11/17,50282.39,50398.16,49845.86,50323.91
2025/11/18,49812.95,49971.55,48661.52,48702.98
2025/11/19,48822.88,49087.11,48235.3,48537.7
2025/11/20,49129.29,50574.82,49113.39,49823.94
2025/11/21,49251.26,49459.59,48490.03,48625.88
2025/11/25,49113.82,49182.32,48511.95,48659.52
2025/11/26,49012.25,49749.59,48964.19,49559.07
2025/11/27,49868.79,50322.14,49865.17,50167.1
2025/11/28,50218.96,50258.25,49989.54,50253.91
2025/12/1,50318.59,50366.74,49215.96,49303.28
2025/12/2,49494.58,49636.79,49243.55,49303.45
2025/12/3,49540.64,50138.6,49521.23,49864.68
2025/12/4,49942.94,51028.42,49910.06,51028.42
2025/12/5,50530.34,50634.85,50215.41,50491.87
2025/12/8,50643.09,50678.05,50224.65,50581.94
2025/12/9,50677.36,50793.69,50417.11,50655.1
2025/12/10,50878.66,51107.77,50329.27,50602.8
2025/12/11,50818.39,50875.98,49926.27,50148.82
2025/12/12,50480.23,51127.69,50457.42,50836.55
2025/12/15,50352.09,50432.1,49965.68,50168.11
2025/12/16,50051.24,50051.24,49355.87,49383.29
2025/12/17,49413.19,49571.5,49077.81,49512.28
2025/12/18,49058.31,49169.79,48643.78,49001.5
2025/12/19,49387.71,49766.96,49257.15,49507.21
2025/12/22,50084.55,50590.88,49982.2,50402.39
2025/12/23,50374.48,50544.56,50264.42,50412.87
2025/12/24,50475.48,50636.95,50323.92,50344.1
2025/12/25,50450.18,50510.11,50283.76,50407.79
2025/12/26,50527.13,50941.89,50527.13,50750.39
2025/12/29,50691.22,50707.23,50347.65,50526.92
2025/12/30,50312.85,50534.64,50198.97,50339.48
2026/1/5,51010.28,52033.24,50995.67,51832.8
2026/1/6,52157.22,52523.77,52024.62,52518.08
2026/1/7,52144.64,52404.11,51830.4,51961.98
2026/1/8,51769.83,51866.19,51052.83,51117.26
2026/1/9,51367.98,51986.91,51189.14,51939.89
2026/1/13,52808.29,53814.79,52741.64,53549.16
2026/1/14,53827.24,54487.32,53792.68,54341.23
2026/1/15,54039.4,54153.61,53709.87,54110.5
2026/1/16,54071.28,54130.6,53706.79,53936.17
2026/1/19,53390.05,53583.57,53091.45,53583.57
2026/1/20,53348.59,53408.35,52852.9,52991.1
2026/1/21,52228.08,52848.78,52194.81,52774.6
2026/1/22,53327.39,53922.53,53242.38,53688.89
2026/1/23,53898.45,54050.84,53603.68,53846.87
2026/1/27,53023.28,53138.67,52656,52885.25
2026/1/28,52847.54,53334.03,52637.66,53333.54
2026/1/29,53023.88,53507.18,52788.1,53358.7
2026/1/30,53301.26,53742.69,52990.42,53375.6
2026/1/31,53434.73,53590.24,52923.12,53322.85
2026/2/2,53575.37,54247.15,52655.18,52655.18
2026/2/3,53332.18,54782.83,53307.74,54720.66
2026/2/4,54250.41,54459.41,53965.51,54293.36
2026/2/5,54289.05,54459.08,53653.06,53818.04
2026/2/6,53435.37,54253.68,52950.15,54253.68
2026/2/9,55130.63,57337.07,55018.57,56363.94
2026/2/10,56812.01,57960.19,56812.01,57650.54
2026/2/12,57864.74,58015.08,57554.49,57639.84
2026/2/13,57197.33,57407.25,56652.48,56941.97
2026/2/16,57212.97,57219.2,56748.18,56806.41
2026/2/17,56819.37,56926.24,56135.12,56566.49
2026/2/18,56734.27,57392.89,56734.27,57143.84
2026/2/19,57472.08,57709.82,57362.01,57467.83
2026/2/20,56979.74,56979.74,56680.88,56825.7
2026/2/24,56764.14,57421.67,56732.93,57321.09
2026/2/25,57695.4,58875.17,57656.5,58583.12
2026/2/26,58995.39,59332.43,58577.84,58753.39
2026/2/27,58606.03,58924.17,58130.57,58850.27
2026/3/2,57976.2,58365.21,57285.77,58057.24
2026/3/3,57729.8,57890.76,56091.54,56279.05
2026/3/4,55470.88,55701.27,53618.2,54245.54
2026/3/5,55204.16,56619.98,54910.33,55278.06
2026/3/6,54674.6,55686.56,54513.43,55620.84
2026/3/9,54608.63,54608.63,51407.66,52728.72
2026/3/10,53524.09,54694.89,53487.19,54248.39
2026/3/11,54917.93,55745.38,54882.58,55025.37
2026/3/12,54387.9,54733.08,53796.01,54452.96
2026/3/13,53587.3,54065.31,53286.69,53819.61
2026/3/16,53627.86,53983.51,53113.95,53751.15
2026/3/17,54286.26,54388.43,53482.59,53700.39
2026/3/18,54148.84,55239.4,54148.84,55239.4
2026/3/19,54287.8,54333.02,53190.18,53372.53
2026/3/23,52468.72,52479.81,50688.76,51515.49
2026/3/24,52380.6,52701.99,51645.15,52252.28
2026/3/25,53015.8,54022.88,53015.8,53749.62
2026/3/26,53855.13,54175.8,53176.77,53603.65
2026/3/27,53239.59,53714.9,52516.92,53373.07
2026/3/30,52054.68,52054.68,50566.99,51885.85
2026/3/31,51382.53,52169.01,50558.91,51063.72
2026/4/1,51959.47,53739.68,51902.84,53739.68
2026/4/2,54066.83,54258.48,52273.07,52463.27
2026/4/3,53039.4,53426.31,52925.1,53123.49
2026/4/6,53205.93,54039.34,53205.93,53413.68
2026/4/7,53571.28,53916.35,53156.94,53429.56
2026/4/8,54386.65,56424.63,54380.02,56308.42
2026/4/9,56199.86,56406.49,55763.05,55895.32
2026/4/10,56265.77,57012.77,56251.18,56924.11
2026/4/13,56421.46,56765.72,56232.78,56502.77
2026/4/14,57085.65,57979.82,57010.18,57877.39
2026/4/15,58265.18,58585.95,58028.75,58134.24
2026/4/16,58479.83,59688.1,58428.19,59518.34
2026/4/17,59255.09,59381.25,58475.9,58475.9
2026/4/20,58821.16,59169.13,58687.96,58824.89
2026/4/21,59031.51,59611.91,59004.76,59349.17
2026/4/22,59104.11,59708.21,59005.48,59585.86
2026/4/23,59758.64,60013.98,58621.48,59140.23
2026/4/24,59407.44,59763.68,59225.37,59716.18
2026/4/27,59880.71,60903.95,59608.63,60537.36
2026/4/28,60531.78,60634.66,59701.84,59917.46
2026/4/30,59484.71,59560.57,58928.2,59284.92
2026/5/1,59379.12,59706.7,59263.5,59513.12
